Handle,SKU,Title,Type,Vendor,Collections,Price (USD),Compare at (USD),Cost (USD),Qty
coleto-603-violin-viola-cello-rosin,STR-26,Coleto No. 603 Violin/Viola/Cello Rosin — Austrian Formula,Rosin,Coleto,Cases & Care | Strings & Accessories,,,,1
orchestral-music-stand-wire-frame-desk,GEAR-15,"Orchestral Music Stand — Black Wire-Frame Desk, Lyre Clip",Music Stand,Unbranded,Stands | Strings & Accessories,,,,1
orchestral-music-stand-perforated-desk,GEAR-14,"Orchestral Music Stand — Black Perforated Desk, Folding Tripod",Music Stand,Unbranded,Stands | Strings & Accessories,,,,1
mpm-music-ps15-sustain-pedal,GEAR-13,mpm Music PS15 Keyboard Sustain Pedal (Yamaha/Akai/Roland/Kawai Compatible),Accessory,mpm Music,Cases & Care | Strings & Accessories,,,,1
carlsbro-on-tour-spares-hardware-pack,GEAR-12,"Carlsbro ""On Tour Spares"" Amp/Cabinet Hardware Pack",Accessory,Carlsbro,Cases & Care | Strings & Accessories,,,,1
folding-stand-leg-frame-parts-incomplete,GEAR-11,Folding Instrument/Guitar Stand Leg Frame — Parts Only (Incomplete),Accessory,Unbranded,Cases & Care | Strings & Accessories,,,,1
hand-crank-wooden-ratchet-noisemaker-unconfirmed,GEAR-10,Hand-Crank Wooden Mechanism — Possible Ratchet/Noisemaker (Identity Unconfirmed),Accessory,Unbranded,Cases & Care | Strings & Accessories,,,,1
swan-melodica-carrying-case-32-key,GEAR-09,Swan 32-Key Melodica Carrying Case (Case Only — No Melodica),Case,Swan,Cases & Care | Strings & Accessories,,,,1
guitar-strap-tribal-aztec-print,GEAR-08,Guitar Strap — Brown Tribal/Aztec Geometric Print,Guitar Strap,Unbranded,Straps | Strings & Accessories,,,,1
guitar-strap-rainbow-tie-dye-print,GEAR-07,Guitar Strap — Rainbow Tie-Dye Stripe Print,Guitar Strap,Unbranded,Straps | Strings & Accessories,,,,1
guitar-strap-canadian-flag-print,GEAR-06,Guitar Strap — Canadian Flag Maple Leaf Print,Guitar Strap,Unbranded,Straps | Strings & Accessories,,,,1
guitar-strap-plain-black,GEAR-05,Guitar Strap — Plain Black Webbing,Guitar Strap,Unbranded,Straps | Strings & Accessories,,,,1
guitar-strap-sunset-cross-print,GEAR-04,Guitar Strap — Sunset Gradient with Cross Silhouette Print,Guitar Strap,Unbranded,Straps | Strings & Accessories,,,,1
guitar-strap-american-flag-print,GEAR-03,Guitar Strap — American Stars & Stripes Flag Print,Guitar Strap,Unbranded,Straps | Strings & Accessories,,,,1
guitar-strap-union-jack-print,GEAR-02,Guitar Strap — Union Jack (UK Flag) Print,Guitar Strap,Unbranded,Straps | Strings & Accessories,,,,1
guitar-strap-flame-fire-print,GEAR-01,Guitar Strap — Black with Red/Orange Flame Print,Guitar Strap,Unbranded,Straps | Strings & Accessories,,,,1
hand-painted-soprano-recorder-green-tip,WND-05,Hand-Painted Soprano Recorder — Green Tip with Blue & Red Panels,Recorder,Unbranded,Recorders | Violins & Wind,,,,1
hand-painted-soprano-recorder-blue-tip,WND-04,Hand-Painted Soprano Recorder — Blue Tip with Red & Green Panels,Recorder,Unbranded,Recorders | Violins & Wind,,,,1
plain-wood-student-soprano-recorder,WND-03,Plain Wood Student Soprano Recorder — Natural Finish,Recorder,Unbranded,Recorders | Violins & Wind | Beginner & Student,,,,1
hand-painted-daisy-soprano-recorder-green,WND-02,Hand-Painted Soprano Recorder — Green with Daisy Flower Design,Recorder,Unbranded,Recorders | Violins & Wind,,,,1
bliss-wooden-soprano-recorder-boxed,WND-01,Bliss Wooden Soprano Recorder in C — Boxed (Made in Italy),Recorder,Bliss,Recorders | Violins & Wind,,,,1
ik-multimedia-irig-1st-gen-guitar-audio-interface,PA-35,IK Multimedia iRig (1st Generation) Guitar Audio Interface for iOS,Audio Interface,IK Multimedia,Studio & Recording | Audio & Studio,,,,1
bespeco-silos-y-type-interlink-cable,PA-34,Bespeco Silos Y-Type Interlink Cable (1.8m / 6ft),Cable,Bespeco,Cases & Care | Strings & Accessories,,,,1
joyo-jt-01-clip-on-chromatic-tuner,PA-33,Joyo JT-01 Clip-On Chromatic Tuner,Tuner,Joyo,Tuners & Pickups | Strings & Accessories,,,,1
dpi-60b-3-way-marine-speaker-system-pair,PA-32,DPI 60B 3-Way Marine Speaker System (Pair),Speaker,DPI,Speakers & PA | Audio & Studio,,,,1
celestion-k15b-300-15-inch-loudspeaker-driver,PA-31,Celestion K15B-300 15-Inch Loudspeaker Driver,Speaker,Celestion,Speakers & PA | Audio & Studio,,,,1
generic-volume-pedal-boxed,PA-30,Generic Volume Pedal (Boxed),Effects Pedal,Generic,Effects Pedals | Audio & Studio,,,,1
mooer-ge100-multi-effects-floor-processor,PA-29,Mooer GE100 Multi-Effects Floor Processor,Effects Pedal,Mooer,Effects Pedals | Audio & Studio,,,,1
mdr-7-digital-reverb-effects-pedal,PA-28,MDR-7 Digital Reverb Effects Pedal,Effects Pedal,Generic,Effects Pedals | Audio & Studio,,,,1
unbranded-wah-volume-treadle-effects-pedal,PA-27,Unbranded Wah/Volume Treadle Effects Pedal,Effects Pedal,Generic,Effects Pedals | Audio & Studio,,,,1
kelfar-ak5-pro-special-edition-wind-breath-controller,PA-26,Kelfar Technologies AK5 Pro Special Edition MIDI Wind/Breath Controller,MIDI Controller,Kelfar Technologies,MIDI Controllers | Audio & Studio,,,,1
m-audio-axiom-air-25-usb-midi-keyboard-controller,PA-25,M-Audio Axiom Air 25 USB/MIDI Keyboard Controller,MIDI Controller,M-Audio,MIDI Controllers | Audio & Studio,,,,1
korg-kitbat1002-backup-battery-kit-pa3x,PA-24,Korg KITBAT1002 Backup Battery Kit (for Pa3X-Series Arranger Keyboards),Studio Equipment,Korg,Studio & Recording | Audio & Studio,,,,1
beta-three-ds1800-audio-distribution-splitter,PA-23,Beta Three DS1800 Audio Distribution Splitter/DI Rack Unit,Studio Equipment,Beta Three,Studio & Recording | Audio & Studio,,,,1
sm-pro-audio-prism-fx01-multi-effects-processor,PA-22,SM Pro Audio Prism FX01 24-Bit Multi-Effects Rack Processor,Studio Equipment,SM Pro Audio,Studio & Recording | Audio & Studio,,,,1
behringer-super-x-pro-cx2310-crossover,PA-21,Behringer Super-X Pro CX2310 Stereo/Mono Crossover,Studio Equipment,Behringer,Studio & Recording | Audio & Studio,,,,1
behringer-mic800-mini-mic-modeling-preamp,PA-20,Behringer MIC800 Mini Mic Modeling Preamp,Studio Equipment,Behringer,Studio & Recording | Audio & Studio,,,,1
behringer-bcf2000-b-control-fader-midi-controller,PA-19,Behringer BCF2000 B-Control Fader — 8-Motorized-Fader USB/MIDI Controller,MIDI Controller,Behringer,MIDI Controllers | Audio & Studio,,,,1
behringer-vmx100usb-2-channel-dj-mixer,PA-18,Behringer Pro Mixer VMX100USB — 2-Channel DJ Mixer with USB Interface,DJ Mixer,Behringer,Studio & Recording | Audio & Studio,,,,1
shure-pgx-wireless-system-beta-58-capsule,PA-17,Shure PGX Wireless System with Beta 58 Capsule (Carrying Case Included),Microphone,Shure,Microphones | Audio & Studio,,,,1
shure-sv200-vocal-microphone-with-15ft-cable,PA-16,Shure SV200 Vocal Microphone with 15ft Cable,Microphone,Shure,Microphones | Audio & Studio,,,,1
shure-sm58-dynamic-cardioid-vocal-microphone-boxed-pouch,PA-15,"Shure SM58 Dynamic Cardioid Vocal Microphone (Boxed, with Pouch)",Microphone,Shure,Microphones | Audio & Studio,,,,1
wireless-vocal-microphone-system-magenta-box,PA-14,Wireless Vocal Microphone System — Magenta Box (Boxed),Microphone,Generic / Unbranded,Microphones | Audio & Studio,,,,1
ay-101-wireless-headset-microphone,PA-13,AY-101 Wireless Headset Microphone (2.4GHz),Microphone,Generic,Microphones | Audio & Studio,,,,1
freepower-ak-460-ii-wireless-mic-combo-kit,PA-12,"FreePower AK-460 II Wireless Microphone Combo Kit — Handheld, Lavalier & Headset",Microphone,FreePower,Microphones | Audio & Studio,,,,1
freepower-ak-889-uhf-wireless-dual-microphone-system,PA-11,FreePower AK-889 UHF Wireless Dual Microphone System (LCD Display),Microphone,FreePower,Microphones | Audio & Studio,,,,1
freepower-sm-500-uhf-wireless-dual-microphone-system,PA-10,FreePower SM-500 UHF Wireless Dual Microphone System,Microphone,FreePower,Microphones | Audio & Studio,,,,1
freepower-ak-165-dynamic-vocal-microphone,PA-09,FreePower AK-165 Dynamic Vocal Microphone,Microphone,FreePower,Microphones | Audio & Studio,,,,1
dynamic-vocal-microphone-teal-gradient-box,PA-08,"Dynamic Vocal Microphone — Teal Gradient Box, Textured Grille Head",Microphone,Generic / Unbranded,Microphones | Audio & Studio,,,,1
dynamic-vocal-microphone-black-red-accent-switch,PA-07,"Dynamic Vocal Microphone — Black Body, Red Accent Switch",Microphone,Generic / Unbranded,Microphones | Audio & Studio,,,,1
dynamic-vocal-microphone-rose-gold-metallic-boxed,PA-06,Dynamic Vocal Microphone — Rose-Gold Metallic Finish (Boxed),Microphone,Generic / Unbranded,Microphones | Audio & Studio,,,,1
dynamic-vocal-microphone-red-white-pro-mic-box,PA-05,"Dynamic Vocal Microphone — Boxed, Red/White ""Pro Mic"" Packaging",Microphone,Generic / Unbranded,Microphones | Audio & Studio,,,,1
dynamic-vocal-microphone-reflective-silver-mesh-head,PA-04,"Dynamic Vocal Microphone — Reflective Silver Mesh Head, Black Body",Microphone,Generic / Unbranded,Microphones | Audio & Studio,,,,1
dynamic-vocal-microphone-silver-mesh-head-grey-box,PA-03,"Dynamic Vocal Microphone — Silver Mesh Head, Grey Box",Microphone,Generic / Unbranded,Microphones | Audio & Studio,,,,1
dynamic-vocal-microphone-purple-pale-blue-accent-boxed,PA-02,"Dynamic Vocal Microphone — Black/Purple Body, Pale Blue Accent (Boxed)",Microphone,Generic / Unbranded,Microphones | Audio & Studio,,,,1
dynamic-vocal-microphone-blue-accent-boxed,PA-01,"Dynamic Vocal Microphone — Black Body, Blue Accent Ring (Boxed)",Microphone,Generic / Unbranded,Microphones | Audio & Studio,,,,1
new-beat-drum-head-cream-ivory-chrome-rim,DRM-55,"New Beat Replacement Drum Head - Cream/Ivory, Chrome Rim",Drum Head,New Beat,Drum Heads | Percussion,,,,1
vintage-premier-percussion-packaging-empty-sleeve,DRM-54,Vintage Premier Percussion (UK) Drumhead Packaging - Empty Sleeve,Packaging / Collectible,Premier,Drum Heads | Percussion | Vintage & Collectible,,,,1
maxtone-drum-head-cream-ivory,DRM-53,Maxtone Replacement Drum Head - Cream/Ivory,Drum Head,Maxtone,Drum Heads | Percussion,,,,1
power-beat-drum-head-pale-blue-grey,DRM-52,Power Beat Replacement Drum Head - Pale Blue-Grey,Drum Head,Power Beat,Drum Heads | Percussion,,,,1
alexandria-drum-head-lighthouse-medallion,DRM-51,Alexandria Replacement Drum Head - Lighthouse Medallion Logo,Drum Head,Alexandria,Drum Heads | Percussion,,,,1
power-beat-drum-head-16in-sealed,DRM-50,"Power Beat Replacement Drum Head - 16in, Sealed",Drum Head,Power Beat,Drum Heads | Percussion,,,,1
childrens-glockenspiel-bell-kit-25-bar,DRM-49,Children's 25-Bar Chromatic Glockenspiel/Bell Kit with Case,Glockenspiel,Unbranded,Drum Kits & Bongos | Percussion | Beginner & Student,,,,1
bongo-pair-brass-glitter-accent,DRM-48,Bongo Drum Pair - Brass Shells with Glitter Accent Panel,Bongos,Unbranded,Drum Kits & Bongos | Percussion,,,,1
maxtone-5-piece-drum-kit-ocean-blue,DRM-47,Maxtone 5-Piece Acoustic Drum Kit - Ocean Blue Marbled Finish,Drum Kit,Maxtone,Drum Kits & Bongos | Percussion,,,,1
plain-frame-drum-tar-bendir-natural-rawhide,DRM-46,Plain Frame Drum (Tar/Bendir Style) - Natural Rawhide Head,Frame Drum,Unbranded,Riq & Frame Drums | Percussion | Arabic Instruments,,,,1
bass-drum-pair-floor-stand-foot-pedal,DRM-45,"Bass Drum Pair with Floor Stand & Foot Pedal - Two Tabl Drums, Mixed Finish",Bass Drum,Unbranded,Tabl & Bass Drums | Percussion | Arabic Instruments,,,,1
power-beat-bass-drum-tabl-black-marbled-taiwan,DRM-44,"Power Beat Bass Drum (Tabl) - Black Marbled Finish, Made in Taiwan",Bass Drum,Power Beat,Tabl & Bass Drums | Percussion | Arabic Instruments,,,,1
unbranded-bass-drum-tabl-lebanese-flag-cedar,DRM-43,"Unbranded Bass Drum (Tabl) - Lebanese Flag & Cedar Print, 18-20in",Bass Drum,Unbranded,Tabl & Bass Drums | Percussion | Arabic Instruments,,,,1
unbranded-bass-drum-tabl-black-cross-lace-small,DRM-42,"Unbranded Bass Drum (Tabl) - Black Cross-Lace, 12-14in",Bass Drum,Unbranded,Tabl & Bass Drums | Percussion | Arabic Instruments,,,,1
alam-alikaa-bass-drum-tabl-cream-ink-blot,DRM-41,"Alam Alikaa Bass Drum (Tabl) - Cream Ink-Blot Marbled Finish, 18-20in",Bass Drum,Alam Alikaa,Tabl & Bass Drums | Percussion | Arabic Instruments,,,,1
power-beat-riq-wood-grain-metallic-grey,DRM-40,"Power Beat Frame Drum (Riq) - Wood-Grain/Metallic Grey, Made in Syria",Frame Drum,Power Beat,Riq & Frame Drums | Percussion | Arabic Instruments,,,,1
power-beat-plus-frame-drum-wood-grain,DRM-39,Power Beat Plus Frame Drum - Wood-Grain Finish (Used),Frame Drum,Power Beat,Riq & Frame Drums | Percussion | Arabic Instruments | Vintage & Collectible,,,,1
vintage-riq-leopard-print-worn,DRM-38,"Vintage Frame Drum (Riq) - Leopard Print, Worn Patina",Frame Drum,Unbranded,Riq & Frame Drums | Percussion | Arabic Instruments | Vintage & Collectible,,,,1
alam-alikaa-riq-black-white-marbled,DRM-37,Alam Alikaa Frame Drum (Riq) - Black & White Marbled Finish,Frame Drum,Alam Alikaa,Riq & Frame Drums | Percussion | Arabic Instruments,,,,1
unbranded-riq-white-cream-blank-head,DRM-36,"Unbranded Frame Drum (Riq) - White/Cream Finish, Blank Head",Frame Drum,Unbranded,Riq & Frame Drums | Percussion | Arabic Instruments,,,,1
unbranded-riq-maroon-blank-head,DRM-35,"Unbranded Frame Drum (Riq) - Maroon Finish, Blank Head",Frame Drum,Unbranded,Riq & Frame Drums | Percussion | Arabic Instruments,,,,1
alam-alikaa-riq-black-gold-marbled,DRM-34,Alam Alikaa Frame Drum (Riq) - Black & Gold Marbled Finish,Frame Drum,Alam Alikaa,Riq & Frame Drums | Percussion | Arabic Instruments,,,,1
antique-hammered-metal-darbuka-charcoal-olive-speckle,DRM-33,Antique Hammered-Metal Darbuka - Charcoal & Olive Speckle,Darbuka,Handmade,Darbuka | Percussion | Arabic Instruments,,,,1
mosaic-darbuka-maroon-yellow-blue-diamond-medallion-sealed,DRM-32,"Mosaic Darbuka - Maroon, Yellow & Blue Diamond Medallion",Darbuka,Unbranded,Darbuka | Percussion | Arabic Instruments,,,,1
two-tone-darbuka-maroon-pale-blue-white-rim,DRM-31,"Two-Tone Darbuka - Maroon Body, Pale Blue-White Rim Cap",Darbuka,Handmade,Darbuka | Percussion | Arabic Instruments,,,,1
antique-hammered-metal-darbuka-pewter-grey-brown-speckle,DRM-30,Antique Hammered-Metal Darbuka - Pewter & Grey-Brown Speckle,Darbuka,Handmade,Darbuka | Percussion | Arabic Instruments,,,,1
gawharet-el-fan-darbuka-black-cream-pointed-arch-lattice,DRM-29,Gawharet El Fan Darbuka - Black & Cream Pointed-Arch Lattice,Darbuka,Gawharet El Fan,Darbuka | Percussion | Arabic Instruments,,,,1
gawharet-el-fan-darbuka-12-point-sunburst-rosette,DRM-28,Gawharet El Fan Darbuka - 12-Point Sunburst Rosette,Darbuka,Gawharet El Fan,Darbuka | Percussion | Arabic Instruments,,,,1
mosaic-darbuka-cobalt-blue-purple-circle-medallion-column,DRM-27,Mosaic Darbuka - Cobalt Blue with Purple Circle Medallion Column,Darbuka,Unbranded,Darbuka | Percussion | Arabic Instruments,,,,1
antique-hammered-metal-darbuka-bronze-copper-speckle,DRM-26,Antique Hammered-Metal Darbuka - Bronze & Copper Speckle,Darbuka,Handmade,Darbuka | Percussion | Arabic Instruments,,,,1
gawharet-el-fan-darbuka-star-diamond-geometric,DRM-25,Gawharet El Fan Darbuka - Star-and-Diamond Geometric Mosaic,Darbuka,Gawharet El Fan,Darbuka | Percussion | Arabic Instruments,,,,1
gawharet-el-fan-darbuka-3d-cube-illusion-maroon-panel,DRM-24,Gawharet El Fan Darbuka - 3D Cube Illusion Band with Maroon Panel,Darbuka,Gawharet El Fan,Darbuka | Percussion | Arabic Instruments,,,,1
gawharet-el-fan-darbuka-crushed-pearl-vesica-lattice,DRM-23,Gawharet El Fan Darbuka - Crushed Pearl Vesica Lattice,Darbuka,Gawharet El Fan,Darbuka | Percussion | Arabic Instruments,,,,1
gawharet-el-fan-darbuka-cream-brown-shell-fan-border,DRM-22,Gawharet El Fan Darbuka - Cream & Brown Shell-Fan Border with Star Medallions,Darbuka,Gawharet El Fan,Darbuka | Percussion | Arabic Instruments,,,,1
mosaic-darbuka-bright-yellow-purple-floral-diamonds,DRM-21,Mosaic Darbuka - Bright Yellow & Purple Floral Diamonds,Darbuka,Unbranded,Darbuka | Percussion | Arabic Instruments,,,,1
amber-wood-marquetry-darbuka-chevron-pinstripe,DRM-20,Amber Wood Marquetry Darbuka - Chevron Grain with Pinstripe Inlay,Darbuka,Handmade,Darbuka | Percussion | Arabic Instruments,,,,1
solid-black-darbuka-plain-glossy-lacquer,DRM-19,Solid Black Darbuka - Plain Glossy Lacquer,Darbuka,Handmade,Darbuka | Percussion | Arabic Instruments,,,,1
mosaic-darbuka-tan-star-medallions-wood-strip-rim,DRM-18,Mosaic Darbuka - Tan Star Medallions with Wood-Strip Rim Bands,Darbuka,Unbranded,Darbuka | Percussion | Arabic Instruments,,,,1
crackle-paint-darbuka-black-white,DRM-17,Crackle-Paint Darbuka - Black & White Marbled Finish,Darbuka,Handmade,Darbuka | Percussion | Arabic Instruments,,,,1
mosaic-darbuka-red-black-mirror-silver-harlequin,DRM-16,"Mosaic Darbuka - Red, Black & Mirror-Silver Harlequin",Darbuka,Unbranded,Darbuka | Percussion | Arabic Instruments,,,,1
emerald-green-darbuka-dense-marquetry-star-inlay,DRM-15,Emerald Green Darbuka - Densest Marquetry & Star Inlay in the Set,Darbuka,Handmade,Darbuka | Percussion | Arabic Instruments,,,,1
crackle-paint-darbuka-teal-cream,DRM-14,Crackle-Paint Darbuka - Teal & Cream Marbled Finish,Darbuka,Handmade,Darbuka | Percussion | Arabic Instruments,,,,1
mosaic-darbuka-navy-yellow-mint-diamond-medallion-sealed,DRM-13,"Mosaic Darbuka - Navy, Yellow & Mint Diamond Medallion",Darbuka,Unbranded,Darbuka | Percussion | Arabic Instruments,,,,1
plain-aluminum-darbuka-brushed-silver-bolt-tuned,DRM-12,"Plain Aluminum Darbuka - Brushed Silver, Bolt-Tuned",Darbuka,Handmade,Darbuka | Percussion | Arabic Instruments,,,,1
mosaic-darbuka-red-blue-yellow-star-medallions-sealed,DRM-11,"Mosaic Darbuka - Red, Blue & Yellow Star Medallions",Darbuka,Unbranded,Darbuka | Percussion | Arabic Instruments,,,,1
blue-lacquer-darbuka-wood-tone-marquetry,DRM-10,Blue Lacquer Darbuka - Tan & Purple Wood-Tone Marquetry,Darbuka,Handmade,Darbuka | Percussion | Arabic Instruments,,,,1
stone-cream-darbuka-vesica-medallions,DRM-09,"Stone-Cream Darbuka - Black, Red & Pale Green Vesica Medallions",Darbuka,Handmade,Darbuka | Percussion | Arabic Instruments,,,,1
mosaic-darbuka-black-yellow-red-star-diamond-sealed,DRM-08,"Mosaic Darbuka - Black, Yellow & Red Star Diamond Panels",Darbuka,Unbranded,Darbuka | Percussion | Arabic Instruments,,,,1
mosaic-darbuka-ivory-teardrop-flower-medallions,DRM-07,Mosaic Darbuka - Ivory Teardrop Panels & Flower Medallions,Darbuka,Unbranded,Darbuka | Percussion | Arabic Instruments,,,,1
mosaic-darbuka-ivory-hexagon-star-lattice-monochrome,DRM-06,"Mosaic Darbuka - Ivory Hexagon-Star Lattice, Monochrome",Darbuka,Unbranded,Darbuka | Percussion | Arabic Instruments,,,,1
mosaic-darbuka-red-yellow-black-scalloped-petal-sealed,DRM-05,"Mosaic Darbuka - Red, Yellow & Black Scalloped Petal Panels",Darbuka,Unbranded,Darbuka | Percussion | Arabic Instruments,,,,1
mosaic-darbuka-ivory-star-medallion-lattice,DRM-04,Mosaic Darbuka - Ivory Star Medallion Lattice,Darbuka,Unbranded,Darbuka | Percussion | Arabic Instruments,,,,1
mosaic-darbuka-black-white-silver-diamond-checkerboard,DRM-03,"Mosaic Darbuka - Black, White & Silver Diamond Checkerboard",Darbuka,Unbranded,Darbuka | Percussion | Arabic Instruments,,,,1
wood-marquetry-darbuka-walnut-chevron-checkerboard,DRM-02,Wood Marquetry Darbuka - Walnut Chevron & Checkerboard,Darbuka,Handmade,Darbuka | Percussion | Arabic Instruments,,,,1
mosaic-darbuka-cream-gold-star-medallions,DRM-01,Mosaic Darbuka - Cream & Gold Star Medallions,Darbuka,Unbranded,Darbuka | Percussion | Arabic Instruments,,,,1
dorazio-aud-oud-strings-silver-plated,STR-25,D'Orazio AUD Oud String Set — Silver-Plated Wound,Oud Strings,D'Orazio,Oud & Saz Strings | Strings & Accessories | Arabic Instruments,,,,1
dorazio-set-460-electric-bass-strings-5-string,STR-24,"D'Orazio Set 460 Electric Bass Strings — 5-String, Pure Nickel",Bass Strings,D'Orazio,Violin & Bass Strings | Strings & Accessories,,,,1
dorazio-set-68-acoustic-bass-strings-5-string,STR-23,"D'Orazio Set 68 Acoustic Bass Strings — 5-String, Bronze Wound",Bass Strings,D'Orazio,Violin & Bass Strings | Strings & Accessories,,,,1
bws-ukulele-strings,STR-22,BWS Ukulele String Set,Ukulele Strings,BWS,Oud & Saz Strings | Strings & Accessories,,,,1
pyramid-pbs-saz-strings-extra-light,STR-21,"Pyramid PBS Saz Strings — Extra Light, Nickel Wound (Made in Germany)",Saz Strings,Pyramid,Oud & Saz Strings | Strings & Accessories | Arabic Instruments,,,,1
pyramid-baglama-strings-7-string-020,STR-20,"Pyramid Bağlama Strings — 7-String Set, 0.20 (Made in Germany)",Saz Strings,Pyramid,Oud & Saz Strings | Strings & Accessories | Arabic Instruments,,,,1
yusuf-muzik-cogur-saz-strings,STR-19,"Çoğur Saz String Set — Yusuf Müzik, 0.20/0.30",Saz Strings,Yusuf Müzik,Oud & Saz Strings | Strings & Accessories | Arabic Instruments,,,,1
masterwork-saz-strings-020,STR-18,Masterwork Saz Strings — 0.20 Set,Saz Strings,Masterwork,Oud & Saz Strings | Strings & Accessories | Arabic Instruments,,,,1
mega-music-baglama-strings-020,STR-17,Mega Music Bağlama (Saz) Strings — Professional 0.20,Saz Strings,Mega Music Center,Oud & Saz Strings | Strings & Accessories | Arabic Instruments,,,,1
alice-ae535-colourful-coated-electric-strings,STR-16,"Alice AE535 Electric Strings — Colourful Coated, Super Light",Guitar Strings,Alice,Guitar Strings | Strings & Accessories,,,,1
orphee-nx36-classical-strings,STR-15,"Orphee NX36 Classical Strings — Nylon, Silver Wound, Normal Tension",Guitar Strings,Orphee,Guitar Strings | Strings & Accessories,,,,1
alice-a206c-red-acoustic-strings,STR-14,Alice A206C Acoustic Strings — Red Coated,Guitar Strings,Alice,Guitar Strings | Strings & Accessories,,,,1
lucky-star-st3050r-electric-strings,STR-13,"Lucky Star ST3050R Electric Strings — Nickel-Plated, .009-.040",Guitar Strings,Lucky Star,Guitar Strings | Strings & Accessories,,,,1
daddario-exl120-electric-strings-super-light,STR-12,"D'Addario EXL120 Electric Strings — Nickel Wound, Super Light .009-.042",Guitar Strings,D'Addario,Guitar Strings | Strings & Accessories,,,,1
alice-a506-electric-guitar-strings,STR-11,Alice A506 Electric Guitar Strings — Nickel Wound,Guitar Strings,Alice,Guitar Strings | Strings & Accessories,,,,1
spock-sd110-oud-strings-12-string,STR-10,Spock SD110 Oud Strings — 12-String Set,Oud Strings,Spock,Oud & Saz Strings | Strings & Accessories | Arabic Instruments,,,,1
emre-cumbus-string-set-istanbul,STR-09,"Cümbüş String Set — Emre Saz ve Müzik Evi, Istanbul",Instrument Strings,Emre Müzik,Oud & Saz Strings | Strings & Accessories | Arabic Instruments,,,,1
yamaha-cs28-classical-single-string,STR-08,Yamaha CS28 Classical Guitar Single String — .028 Silver Wound,Guitar Strings,Yamaha,Guitar Strings | Strings & Accessories,,,,1
alice-ac106-classical-guitar-strings,STR-07,"Alice AC106 Classical Guitar Strings — Clear Nylon, Silver Wound",Guitar Strings,Alice,Guitar Strings | Strings & Accessories,,,,1
spock-s122-violin-strings-cupronickel,STR-06,Spock S122 Violin String Set — Cupronickel Wound,Violin Strings,Spock,Violin & Bass Strings | Strings & Accessories,,,,1
lucky-star-mn12-acoustic-strings,STR-05,Lucky Star MN12 Acoustic Guitar Strings — Super Light .012,Guitar Strings,Lucky Star,Guitar Strings | Strings & Accessories,,,,1
alice-aod11-oud-strings-11-string,STR-04,"Alice AOD11 Oud Strings — 11-String Set, Silver-Plated Copper",Oud Strings,Alice,Oud & Saz Strings | Strings & Accessories | Arabic Instruments,,,,1
alice-a703-violin-strings,STR-03,"Alice A703 Violin String Set — Steel Core, Nickel Wound",Violin Strings,Alice,Violin & Bass Strings | Strings & Accessories,,,,1
fender-60xl-phosphor-bronze-acoustic-strings,STR-02,"Fender 60XL Acoustic Strings — Phosphor Bronze, Extra Light .010-.048",Guitar Strings,Fender,Guitar Strings | Strings & Accessories,,,,1
trigger-capo-guitar-ukulele,STR-01,Trigger Capo — for Guitar & Ukulele (Assorted Colors),Capo,Generic,Tuners & Pickups | Strings & Accessories,,,,1
scandalli-small-piano-accordion-gold-grille,ACC-21,Scandalli Small Piano Accordion — Gold Fabric Grille (Vintage),Piano Accordion,Scandalli,Piano Accordions | Accordions | Vintage & Collectible,,,,1
piano-accordion-black-scroll-grille-crest,ACC-20,"Piano Accordion — Black, Ornate Scroll Grille with Crest (Vintage)",Piano Accordion,Weltmeister,Piano Accordions | Accordions | Vintage & Collectible,,,,1
vermona-cantora-piano-accordion-red,ACC-19,"Vermona Cantora Piano Accordion — Red Pearloid (Vintage, GDR)",Piano Accordion,Vermona,Piano Accordions | Accordions | Vintage & Collectible,,,,1
vintage-mini-piano-accordion-16-bass,ACC-18,"Vintage Mini Piano Accordion — 16 Bass, Marquetry Bands",Piano Accordion,Unbranded,Piano Accordions | Accordions | Vintage & Collectible,,,,1
moreschi-piano-accordion-charcoal-mid-size,ACC-17,"Moreschi Piano Accordion — Charcoal Marble, Mid-Size (Vintage)",Piano Accordion,Moreschi,Piano Accordions | Accordions | Vintage & Collectible,,,,1
weltmeister-stella-grey-marble-120-bass,ACC-16,"Weltmeister Stella Piano Accordion — Grey Marble, 120 Bass (Vintage)",Piano Accordion,Weltmeister,Piano Accordions | Accordions | Vintage & Collectible,,,,1
baile-piano-accordion-black-120-bass,ACC-15,"Baile Piano Accordion — Black, 120 Bass (Used)",Piano Accordion,Baile,Piano Accordions | Accordions | Vintage & Collectible,,,,1
parrot-student-piano-accordion-with-case,ACC-14,"Parrot Student Piano Accordion — Compact, Red Pearloid, with Case",Piano Accordion,Parrot,Piano Accordions | Accordions | Beginner & Student,,,,1
flli-gentili-aldebaran-piano-accordion,ACC-13,"F.lli Gentili ""Aldebaran"" Piano Accordion — Red Pearloid (Vintage)",Piano Accordion,F.lli Gentili,Piano Accordions | Accordions | Vintage & Collectible,,,,1
farfisa-super-syntaccordion-electronic-accordion,ACC-12,"Farfisa Super Syntaccordion — Electronic Accordion (Vintage, For Restoration)",Piano Accordion,Farfisa,Piano Accordions | Accordions | Vintage & Collectible,,,,1
wellmann-piano-accordion-black,ACC-11,"Wellmann Piano Accordion — Black, 120 Bass (Used)",Piano Accordion,Wellmann,Piano Accordions | Accordions | Vintage & Collectible,,,,1
weltmeister-meteor-red-piano-accordion-with-case,ACC-10,"Weltmeister Meteor Piano Accordion — Red Pearloid, with Case (Vintage)",Piano Accordion,Weltmeister,Piano Accordions | Accordions | Vintage & Collectible,,,,1
paolo-soprani-piano-accordion-red-italia,ACC-09,"Paolo Soprani Piano Accordion — Red Pearloid ""Italia"" (Vintage)",Piano Accordion,Paolo Soprani,Piano Accordions | Accordions | Vintage & Collectible,,,,1
piano-accordion-black-petal-grille-120-bass,ACC-08,"Piano Accordion — Black, Petal-Pattern Grille, 120 Bass (Used)",Piano Accordion,Unbranded,Piano Accordions | Accordions | Vintage & Collectible,,,,1
parrot-piano-accordion-red-120-bass,ACC-07,"Parrot Piano Accordion — Red Pearloid, 120 Bass (Used)",Piano Accordion,Parrot,Piano Accordions | Accordions | Vintage & Collectible,,,,1
weltmeister-120-bass-black-gold-script,ACC-06,"Weltmeister Piano Accordion — 120 Bass, Black, Gold Script (Vintage)",Piano Accordion,Weltmeister,Piano Accordions | Accordions | Vintage & Collectible,,,,1
hohner-verdi-ii-n-piano-accordion,ACC-05,Hohner Verdi II N Piano Accordion — Burgundy Pearloid (Vintage),Piano Accordion,Hohner,Piano Accordions | Accordions | Vintage & Collectible,,,,1
weltmeister-stella-120-bass-black,ACC-04,"Weltmeister Stella Piano Accordion — 120 Bass, Black (Made in Germany)",Piano Accordion,Weltmeister,Piano Accordions | Accordions,,,,1
magister-art-deco-piano-accordion-burgundy,ACC-03,"Magister Piano Accordion — Burgundy, Gold Art-Deco Grille (Vintage)",Piano Accordion,Magister,Piano Accordions | Accordions | Vintage & Collectible,,,,1
artisti-associati-castelfidardo-piano-accordion,ACC-02,"Artisti Associati Piano Accordion — Castelfidardo, Italy (Vintage)",Piano Accordion,Artisti Associati,Piano Accordions | Accordions | Vintage & Collectible,,,,1
ogonyok-2-soviet-bayan-button-accordion,ACC-01,Ogonyok-2 Soviet Button Accordion (Bayan) — Red Marble (Vintage),Button Accordion,Ogonyok,Button Accordions | Accordions | Vintage & Collectible,,,,1
student-violin-4-4-honey-gloss,VLN-10,"Student Violin 4/4 — Honey Gloss, Pronounced Grain",Violin,Generic,Violins | Violins & Wind | Beginner & Student,,,,1
student-violin-4-4-sparkle-blue,VLN-09,Student Violin 4/4 — Sparkle Blue,Violin,Generic,Violins | Violins & Wind | Beginner & Student,,,,1
student-violin-4-4-gloss-amber,VLN-08,Student Violin 4/4 — Gloss Amber,Violin,Generic,Violins | Violins & Wind | Beginner & Student,,,,2
student-violin-4-4-matte-antique,VLN-07,Student Violin 4/4 — Matte Antique Finish,Violin,Generic,Violins | Violins & Wind | Beginner & Student,,,,1
student-violin-4-4-satin-amber-wooden-fittings,VLN-06,"Student Violin 4/4 — Satin Amber, Wooden Pegs & Tailpiece",Violin,Generic,Violins | Violins & Wind | Beginner & Student,,,,1
student-violin-4-4-gloss-red-outfit,VLN-05,"Student Violin 4/4 Outfit — Gloss Red, with Case & Bow",Violin,Generic,Violins | Violins & Wind | Beginner & Student,,,,1
student-violin-4-4-turquoise-case-bow,VLN-04,"Student Violin 4/4 — Turquoise, with Case & Bow",Violin,Generic,Violins | Violins & Wind | Beginner & Student,,,,1
silent-electric-violin-outfit-white-s-frame,VLN-03,"Silent Electric Violin Outfit — White S-Frame, with Case & Accessories",Electric Violin,Generic,Electric Violins | Violins & Wind,,,,1
silent-electric-violin-outfit-pearl-white,VLN-02,"Silent Electric Violin Outfit — Pearl White, with Case & Bow",Electric Violin,Generic,Electric Violins | Violins & Wind,,,,1
silent-electric-violin-outfit-black,VLN-01,"Silent Electric Violin Outfit — Black, with Case, Bow & Headphones",Electric Violin,Generic,Electric Violins | Violins & Wind,,,,1
dreadnought-acoustic-guitar-natural-unbranded,GTR-24,Dreadnought Acoustic Guitar — Natural (Unbranded),Acoustic Guitar,Generic,Acoustic Guitars | Guitars & Bass,,,,1
3-4-classical-guitar-amber-orange-attima,GTR-23,"3/4 Classical Guitar — Amber Orange, Black Binding (Attima)",Classical Guitar,Attima,Classical Guitars | Guitars & Bass,,,,1
siltron-41-dreadnought-tobacco-sunburst,GTR-22,Siltron 41″ Acoustic Guitar — Tobacco Sunburst Cutaway,Acoustic Guitar,Siltron,Acoustic Guitars | Guitars & Bass,,,,1
karl-schneider-electro-classical-cutaway-eq,GTR-21,Karl Schneider Electro-Classical Guitar — Cutaway with 4-Band EQ,Classical Guitar,Karl Schneider,Classical Guitars | Guitars & Bass,,,,1
fiesta-classical-guitar-natural,GTR-20,"Fiesta Classical Guitar — Natural, Nylon Strings",Classical Guitar,Fiesta,Classical Guitars | Guitars & Bass,,,,1
siltron-41-dreadnought-matte-red-burst,GTR-19,Siltron 41″ Acoustic Guitar — Matte Red Burst Cutaway,Acoustic Guitar,Siltron,Acoustic Guitars | Guitars & Bass,,,,1
fiesta-classical-guitar-gloss-pink,GTR-18,"Fiesta Classical Guitar — Gloss Pink, Nylon Strings",Classical Guitar,Fiesta,Classical Guitars | Guitars & Bass,,,,1
folk-acoustic-guitar-slim-cutaway-natural,GTR-17,"Folk Acoustic Guitar — Slim Cutaway, Natural (Unbranded)",Acoustic Guitar,Generic,Acoustic Guitars | Guitars & Bass,,,,1
squier-stratocaster-sunburst-hardshell-case,GTR-16,"Squier Stratocaster — 2-Tone Sunburst, with Hardshell Case (Used)",Electric Guitar,Squier,Electric Guitars | Guitars & Bass | Vintage & Collectible,,,,1
irin-p-style-electric-bass-sunburst,GTR-15,"IRIN Electric Bass — P-Style 4-String, 3-Tone Sunburst",Bass Guitar,IRIN,Bass Guitars | Guitars & Bass,,,,1
irin-p-style-electric-bass-gloss-black,GTR-14,"IRIN Electric Bass — P-Style 4-String, Gloss Black",Bass Guitar,IRIN,Bass Guitars | Guitars & Bass,,,,1
stratocaster-lake-placid-blue-used,GTR-13,"Stratocaster Electric Guitar — Lake Placid Blue, Figured Maple Neck (Used)",Electric Guitar,My Store,Electric Guitars | Guitars & Bass | Vintage & Collectible,,,,1
stylson-s-style-trans-black-flame-with-case,GTR-12,"Stylson S-Style Electric Guitar — Trans Black Flame, with Case (Vintage)",Electric Guitar,Stylson,Electric Guitars | Guitars & Bass | Vintage & Collectible,,,,1
s-style-electric-guitar-gloss-green,GTR-11,"S-Style Electric Guitar — Gloss Green, SSS",Electric Guitar,Generic,Electric Guitars | Guitars & Bass,,,,1
childrens-acoustic-guitar-boxed,GTR-10,Children's Acoustic Guitar (Boxed),Toy Instrument,Generic,Kids' Guitars | Guitars & Bass | Beginner & Student,,,,1
childrens-classical-guitar-boxed,GTR-09,Children's Classical Guitar (Boxed),Toy Instrument,Generic,Kids' Guitars | Guitars & Bass | Beginner & Student,,,,1
harper-roundback-emerald-green-leaf-soundholes,GTR-08,"Harper Round-Back Acoustic Guitar — Emerald Green Quilt, Leaf Soundholes",Acoustic Guitar,Harper,Acoustic Guitars | Guitars & Bass,,,,1
harper-roundback-charcoal-leaf-soundholes,GTR-07,"Harper Round-Back Acoustic Guitar — Charcoal Flame, Leaf Soundholes",Acoustic Guitar,Harper,Acoustic Guitars | Guitars & Bass,,,,1
sun-and-sound-3920-bs-roundback-honey-sunburst,GTR-06,Sun & Sound 3920/BS Round-Back Acoustic Guitar — Honey Sunburst,Acoustic Guitar,Sun & Sound,Acoustic Guitars | Guitars & Bass,,,,1
kapok-0-27bk-black-auditorium-butterfly-inlay,GTR-05,"Kapok 0-27BK Acoustic Guitar — Black Auditorium, Butterfly Inlay",Acoustic Guitar,Kapok,Acoustic Guitars | Guitars & Bass,,,,1
lanzhiji-matte-black-cutaway-dreadnought,GTR-04,Lanzhiji Acoustic Guitar — Matte Black Cutaway Dreadnought,Acoustic Guitar,Lanzhiji,Acoustic Guitars | Guitars & Bass,,,,1
diana-729-vintage-design-matte-grey-dreadnought,GTR-03,Diana 729 Vintage Design Acoustic Guitar — Matte Grey Cutaway Dreadnought,Acoustic Guitar,Diana,Acoustic Guitars | Guitars & Bass | Vintage & Collectible,,,,1
kapok-fld-cutaway-dreadnought-wine-red,GTR-02,"Kapok FLD-Series Acoustic Guitar — Cutaway Dreadnought, Wine Red Quilt",Acoustic Guitar,Kapok,Acoustic Guitars | Guitars & Bass,,,,1
kapok-fld-20ccs-cutaway-dreadnought-cherry-sunburst,GTR-01,"Kapok FLD-20CCS Acoustic Guitar — Cutaway Dreadnought, Cherry Sunburst",Acoustic Guitar,Kapok,Acoustic Guitars | Guitars & Bass,,,,1
oud-dark-painted-bowl-budget,OUD-11,"Oud — Dark Painted Bowl, Metal-Head Pegs (Used)",Oud,Handmade,Oud | Oud | Arabic Instruments | Vintage & Collectible,,,,1
gamal-oud-made-in-kuwait-crown-pickguard,OUD-10,"Gamal Oud — Made in Kuwait, Crown Pickguard (Used)",Oud,Gamal,Oud | Oud | Arabic Instruments | Vintage & Collectible,,,,1
electro-acoustic-oud-pickup-machine-tuners,OUD-09,Electro-Acoustic Oud — Built-In Pickup & Machine Tuners,Oud,Handmade,Oud | Oud | Arabic Instruments,,,,1
vintage-oud-oval-arabesque-rosette-marquetry,OUD-08,"Vintage Oud — Oval Arabesque Rosette, Vine Marquetry Bowl",Oud,Handmade,Oud | Oud | Arabic Instruments | Vintage & Collectible,,,,1
mosaic-sadaf-oud-full-mother-of-pearl,OUD-07,Mosaic Sadaf Oud — Full Mother-of-Pearl Marquetry Showpiece,Oud,Handmade,Oud | Oud | Arabic Instruments,,,,1
handmade-oud-blonde-top-glitter-pickguard,OUD-06,"Handmade Oud — Blonde Top, Glitter Pickguard, Mahogany-Tone Bowl",Oud,Handmade,Oud | Oud | Arabic Instruments,,,,1
oud-open-soundhole-candy-stripe-bowl-used,OUD-05,"Oud — Open Soundhole, Orange & Cream Striped Bowl (Used)",Oud,Handmade,Oud | Oud | Arabic Instruments | Vintage & Collectible,,,,1
handmade-oud-burned-arabesque-honey-bowl,OUD-04,"Handmade Oud — Burned Arabesque Top, Fine-Rib Honey Bowl",Oud,Handmade,Oud | Oud | Arabic Instruments,,,,1
handmade-oud-treble-clef-rosette,OUD-03,"Handmade Oud — Carved Treble-Clef Rosette, Wide-Rib Bowl",Oud,Handmade,Oud | Oud | Arabic Instruments,,,,1
vintage-ornate-oud-mother-of-pearl-mosaic,OUD-02,Vintage Ornate Oud — Mother-of-Pearl Stars & Mosaic Inlay,Oud,Handmade,Oud | Oud | Arabic Instruments | Vintage & Collectible,,,,1
handmade-oud-carved-flower-rosette-striped-bowl,OUD-01,"Handmade Oud — Carved Flower Rosette, Two-Tone Inlaid Bowl",Oud,Handmade,Oud | Oud | Arabic Instruments,,,,1
mosaic-darbuka-blue-magenta-diamond-mosaic,DRM-56,Mosaic Darbuka — Blue & Magenta Diamond Mosaic,Darbuka,Handmade,Darbuka | Percussion | Arabic Instruments,,,,1
mosaic-darbuka-cream-rosette-medallions-honeycomb-neck,DRM-57,Mosaic Darbuka — Cream Rosette Medallions & Honeycomb Neck,Darbuka,Handmade,Darbuka | Percussion | Arabic Instruments,,,,1
mosaic-darbuka-monochrome-diamond-lattice,DRM-58,Mosaic Darbuka — Monochrome Diamond Lattice,Darbuka,Handmade,Darbuka | Percussion | Arabic Instruments,,,,1
mosaic-darbuka-cream-snowflake-star-motifs,DRM-59,Mosaic Darbuka — Cream Snowflake & Star Motifs,Darbuka,Handmade,Darbuka | Percussion | Arabic Instruments,,,,1
mosaic-darbuka-stone-cream-with-diagonal-colour-stripe,DRM-60,Mosaic Darbuka — Stone Cream with Diagonal Colour Stripe,Darbuka,Handmade,Darbuka | Percussion | Arabic Instruments,,,,1
mosaic-darbuka-cream-with-blue-red-diamond-column,DRM-61,Mosaic Darbuka — Cream with Blue & Red Diamond Column,Darbuka,Handmade,Darbuka | Percussion | Arabic Instruments,,,,1
mosaic-darbuka-red-black-checkerboard-with-circle-medallions,DRM-62,Mosaic Darbuka — Red & Black Checkerboard with Circle Medallions,Darbuka,Handmade,Darbuka | Percussion | Arabic Instruments,,,,1
mosaic-darbuka-cream-with-blue-gold-flower-medallions,DRM-63,Mosaic Darbuka — Cream with Blue & Gold Flower Medallions,Darbuka,Handmade,Darbuka | Percussion | Arabic Instruments,,,,1
mosaic-darbuka-teal-crackle-lacquer,DRM-64,Mosaic Darbuka — Teal Crackle Lacquer,Darbuka,Handmade,Darbuka | Percussion | Arabic Instruments,,,,1
mosaic-darbuka-gloss-black-plain-lacquer,DRM-65,"Mosaic Darbuka — Gloss Black, Plain Lacquer",Darbuka,Handmade,Darbuka | Percussion | Arabic Instruments,,,,1
mosaic-darbuka-cream-with-deep-red-rosettes,DRM-66,Mosaic Darbuka — Cream with Deep Red Rosettes,Darbuka,Handmade,Darbuka | Percussion | Arabic Instruments,,,,1
mosaic-darbuka-cream-arrow-panels-star-lattice,DRM-67,Mosaic Darbuka — Cream Arrow Panels & Star Lattice,Darbuka,Handmade,Darbuka | Percussion | Arabic Instruments,,,,1
kq-2-violin-instrument-piezo-pickup-with-volume-control,GEAR-16,KQ-2 Violin & Instrument Piezo Pickup with Volume Control,Pickup,Unbranded,Tuners & Pickups | Strings & Accessories,,,,1
yamaha-yt-100-guitar-bass-auto-tuner,GEAR-17,Yamaha YT-100 Guitar & Bass Auto Tuner,Tuner,Yamaha,Tuners & Pickups | Strings & Accessories,,,,1
fender-ft-004-clip-on-chromatic-tuner,GEAR-18,Fender FT-004 Clip-On Chromatic Tuner,Tuner,Fender,Tuners & Pickups | Strings & Accessories,,,,1
maxtone-bc-650-chromatic-tuner-guitar-bass-microphone,GEAR-19,"Maxtone BC-650 Chromatic Tuner — Guitar, Bass & Microphone",Tuner,Maxtone,Tuners & Pickups | Strings & Accessories,,,,1
chromatic-clip-on-tuner-with-backlit-display,GEAR-20,Chromatic Clip-On Tuner with Backlit Display,Tuner,Unbranded,Tuners & Pickups | Strings & Accessories,,,,1
ad-20-acoustic-guitar-transducer-pickup-soundhole-mount,GEAR-21,AD-20 Acoustic Guitar Transducer Pickup — Soundhole Mount,Pickup,Unbranded,Tuners & Pickups | Strings & Accessories,,,,1
microphone-floor-stand-heavy-round-base-boxed,GEAR-22,"Microphone Floor Stand — Heavy Round Base, Boxed",Microphone Stand,Unbranded,Stands | Strings & Accessories,,,,1
professional-microphone-stand-telescopic-boom-boxed,GEAR-23,"Professional Microphone Stand — Telescopic Boom, Boxed",Microphone Stand,Unbranded,Stands | Strings & Accessories,,,,1
e622-padded-guitar-strap-wide-webbing-with-leather-ends,GEAR-24,E622 Padded Guitar Strap — Wide Webbing with Leather Ends,Guitar Strap,Unbranded,Straps | Strings & Accessories,,,,1
warlock-style-electric-guitar-gloss-blue-sharp-horn-body,GTR-25,"Warlock-Style Electric Guitar — Gloss Blue, Sharp-Horn Body",Electric Guitar,Unbranded,Electric Guitars | Guitars & Bass,,,,1
warlock-style-electric-bass-4-string-satin-black,GTR-26,"Warlock-Style Electric Bass — 4-String, Satin Black",Bass Guitar,Unbranded,Bass Guitars | Guitars & Bass,,,,1
flying-v-electric-guitar-gloss-red,GTR-27,Flying V Electric Guitar — Gloss Red,Electric Guitar,Unbranded,Electric Guitars | Guitars & Bass,,,,1
beast-style-electric-guitar-gloss-black-multi-point-body,GTR-28,"Beast-Style Electric Guitar — Gloss Black, Multi-Point Body",Electric Guitar,Unbranded,Electric Guitars | Guitars & Bass,,,,1
hipower-ar-50-professional-dynamic-headset-microphone,PA-36,HiPower AR-50 Professional Dynamic Headset Microphone,Microphone,HiPower,Microphones | Audio & Studio,,,,1
lavalier-clip-on-microphone-smartphone-camera-compatible,PA-37,Lavalier Clip-On Microphone — Smartphone & Camera Compatible,Microphone,Unbranded,Microphones | Audio & Studio,,,,1
coron-phaser-effects-pedal-orange,PA-38,Coron Phaser Effects Pedal — Orange,Effects Pedal,Coron,Effects Pedals | Audio & Studio,,,,1
fender-two-button-footswitch-channel-select-reverb,PA-39,Fender Two-Button Footswitch — Channel Select & Reverb,Footswitch,Fender,Footswitches | Audio & Studio,,,,1
carlsbro-single-footswitch-with-captive-cable,PA-40,Carlsbro Single Footswitch with Captive Cable,Footswitch,Carlsbro,Footswitches | Audio & Studio,,,,1
five-button-footswitch-controller-din-connection,PA-41,Five-Button Footswitch Controller — DIN Connection,Footswitch,Unbranded,Footswitches | Audio & Studio,,,,1
carlsbro-glx-three-button-footswitch,PA-42,Carlsbro GLX Three-Button Footswitch,Footswitch,Carlsbro,Footswitches | Audio & Studio,,,,1
boss-ch-1-super-chorus-pedal,PA-43,BOSS CH-1 Super Chorus Pedal,Effects Pedal,BOSS,Effects Pedals | Audio & Studio,,,,1
boss-rc-2-loop-station,PA-44,BOSS RC-2 Loop Station,Effects Pedal,BOSS,Effects Pedals | Audio & Studio,,,,1
roland-go-mixer-audio-mixer-for-smartphones,PA-45,Roland GO:MIXER — Audio Mixer for Smartphones,Audio Interface,Roland,Studio & Recording | Audio & Studio,,,,1
kelfar-technologies-ak-2-pro-midi-wind-breath-controller,PA-46,Kelfar Technologies AK-2 Pro MIDI Wind / Breath Controller,MIDI Controller,Kelfar Technologies,MIDI Controllers | Audio & Studio,,,,1
zqs6137-wireless-portable-speaker-6-5-super-bass,PA-47,"ZQS6137 Wireless Portable Speaker — 6.5"" Super Bass",Speaker,Unbranded,Speakers & PA | Audio & Studio,,,,1
joyo-jpa882-acoustic-outdoor-guitar-amplifier-rechargeable,PA-48,Joyo JPA882 Acoustic & Outdoor Guitar Amplifier — Rechargeable,Amplifier,Joyo,Amplifiers | Audio & Studio,,,,1
laney-gc-60a-acoustic-guitar-combo-amplifier-stereo-chorus,PA-49,Laney GC-60A Acoustic Guitar Combo Amplifier — Stereo Chorus,Amplifier,Laney,Amplifiers | Audio & Studio,,,,1
yada-hdt-22-portable-teaching-amplifier-with-wireless-microphone,PA-50,Yada HDT-22 Portable Teaching Amplifier with Wireless Microphone,Speaker,Yada,Speakers & PA | Audio & Studio,,,,1
leem-ka-1210-pro-multiple-amplifier-guitar-bass-keyboard-channels,PA-51,"Leem KA-1210 Pro Multiple Amplifier — Guitar, Bass & Keyboard Channels",Amplifier,Leem,Amplifiers | Audio & Studio,,,,1
edison-fa-1200-bluetooth-pa-speaker-system-multi-function,PA-52,Edison FA-1200 Bluetooth PA Speaker System — Multi-Function,Speaker,Edison,Speakers & PA | Audio & Studio,,,,1
elementa-hi-fi-pa-speaker-cabinet-full-range-passive,PA-53,Elementa Hi-Fi PA Speaker Cabinet — Full-Range Passive,Speaker,Elementa,Speakers & PA | Audio & Studio,,,,1
epiphone-electar-10-guitar-practice-amplifier,PA-54,Epiphone Electar-10 Guitar Practice Amplifier,Amplifier,Epiphone,Amplifiers | Audio & Studio,,,,1
audio-technica-at2020usb-cardioid-condenser-microphone,PA-55,Audio-Technica AT2020USB Cardioid Condenser Microphone,Microphone,Audio-Technica,Microphones | Audio & Studio,,,,1
professional-condenser-microphone-kit-boom-arm-shock-mount-pop-filter,PA-56,"Professional Condenser Microphone Kit — Boom Arm, Shock Mount & Pop Filter",Microphone,Unbranded,Microphones | Audio & Studio,,,,1
newrixing-nr-6011m-outdoor-wireless-speaker-with-twin-microphones,PA-57,NewRixing NR-6011M Outdoor Wireless Speaker with Twin Microphones,Speaker,NewRixing,Speakers & PA | Audio & Studio,,,,1
tco-1-compressor-sustainer-pedal-attack-sustain-level,PA-58,"TCO-1 Compressor / Sustainer Pedal — Attack, Sustain & Level",Effects Pedal,Coron,Effects Pedals | Audio & Studio,,,,1
irin-v68-violin-strings-cupronickel-wound-full-set,STR-27,"IRIN V68 Violin Strings — Cupronickel Wound, Full Set",Violin Strings,IRIN,Violin & Bass Strings | Strings & Accessories,,,,1
d-orazio-4-36-classical-guitar-strings-silver-plated-nylon-normal-tension,STR-28,"D'Orazio 4-36 Classical Guitar Strings — Silver-Plated Nylon, Normal Tension",Guitar Strings,D'Orazio,Guitar Strings | Strings & Accessories,,,,1
d-orazio-4-40-classical-guitar-strings-silver-plated-nylon-hard-tension,STR-29,"D'Orazio 4-40 Classical Guitar Strings — Silver-Plated Nylon, Hard Tension",Guitar Strings,D'Orazio,Guitar Strings | Strings & Accessories,,,,1
d-orazio-1-40-classical-guitar-strings-clear-nylon-full-set,STR-30,"D'Orazio 1-40 Classical Guitar Strings — Clear Nylon, Full Set",Guitar Strings,D'Orazio,Guitar Strings | Strings & Accessories,,,,1
d-orazio-047-acoustic-guitar-strings-bronze-80-20-round-wound,STR-31,"D'Orazio 047 Acoustic Guitar Strings — Bronze 80/20, Round Wound",Guitar Strings,D'Orazio,Guitar Strings | Strings & Accessories,,,,1
mendini-by-cecilio-alto-saxophone-black-lacquer-with-gold-keys-full-outfit,WND-06,"Mendini by Cecilio Alto Saxophone — Black Lacquer with Gold Keys, Full Outfit",Saxophone,Mendini by Cecilio,Saxophones & Brass | Violins & Wind,,,,1
pan-flute-pair-curved-bamboo-student-sizes,WND-07,"Pan Flute Pair — Curved Bamboo, Student Sizes",Pan Flute,Handmade,Flutes & Ney | Violins & Wind | Beginner & Student,,,,1
brass-bugle-on-wooden-display-base-polished-lacquer,WND-08,Brass Bugle on Wooden Display Base — Polished Lacquer,Bugle,Unbranded,Saxophones & Brass | Violins & Wind,,,,1
large-curved-pan-flute-wide-bore-bamboo-concert-size,WND-09,"Large Curved Pan Flute — Wide-Bore Bamboo, Concert Size",Pan Flute,Handmade,Flutes & Ney | Violins & Wind,,,,1
reed-ney-kaval-set-assorted-keys-natural-cane,WND-10,"Reed Ney / Kaval Set — Assorted Keys, Natural Cane",Ney,Handmade,Flutes & Ney | Violins & Wind | Arabic Instruments,,,,1
bamboo-ney-flutes-with-fitted-mouthpieces-pair,WND-11,Bamboo Ney Flutes with Fitted Mouthpieces — Pair,Ney,Handmade,Flutes & Ney | Violins & Wind | Arabic Instruments,,,,1
silver-plated-concert-flute-c-foot-with-case,WND-12,"Silver-Plated Concert Flute — C Foot, with Case",Flute,Unbranded,Flutes & Ney | Violins & Wind,,,,1
silver-plated-concert-flute-student-model-second-unit,WND-13,"Silver-Plated Concert Flute — Student Model, Second Unit",Flute,Unbranded,Flutes & Ney | Violins & Wind | Beginner & Student,,,,1
ney-reed-flute-single-wrapped-grip,WND-14,"Ney Reed Flute — Single, Wrapped Grip",Ney,Handmade,Flutes & Ney | Violins & Wind | Arabic Instruments,,,,1
soprano-recorders-in-c-cream-three-piece-set-of-3,WND-15,"Soprano Recorders in C — Cream, Three-Piece (Set of 3)",Recorder,Unbranded,Recorders | Violins & Wind,,,,1
hand-painted-soprano-recorders-blue-red-green-set-of-3,WND-16,"Hand-Painted Soprano Recorders — Blue, Red & Green (Set of 3)",Recorder,Handmade,Recorders | Violins & Wind,,,,1
soprano-recorder-assortment-wood-coloured-boxed-selection,WND-17,"Soprano Recorder Assortment — Wood & Coloured, Boxed Selection",Recorder,Unbranded,Recorders | Violins & Wind,,,,1
wooden-soprano-recorders-natural-two-tone-set-of-3,WND-18,Wooden Soprano Recorders — Natural & Two-Tone (Set of 3),Recorder,Handmade,Recorders | Violins & Wind,,,,1
